{
    "BLEU-1": 0.5406828989451173,
    "BLEU-2": 0.46605570895026843,
    "BLEU-3": 0.4098803780147544,
    "BLEU-4": 0.3622959485087858,
    "METEOR": 0.4766548597414422,
    "ROUGE-1-F1": 0.7913176173685494,
    "ROUGE-2-F1": 0.5776122645853815,
    "ROUGE-L-F1": 0.7890879629649821,
    "BERTScore_P": 0.6183581343595532,
    "BERTScore_R": 0.5377863068943438,
    "BERTScore_F1": 0.5782727136992026
}