{
    "BLEU-1": 0.3101159419744058,
    "BLEU-2": 0.13051066848375587,
    "BLEU-3": 0.048600105909513795,
    "BLEU-4": 0.02100729597353002,
    "METEOR": 0.24004035514693703,
    "ROUGE-1-F1": 0.2614049341565222,
    "ROUGE-2-F1": 0.04754626695436057,
    "ROUGE-L-F1": 0.24741892017050823,
    "BERTScore_P": 0.23190582543611526,
    "BERTScore_R": 0.21261198073625565,
    "BERTScore_F1": 0.2233224411805471
}