{
    "BLEU-1": 0.0733004356647914,
    "BLEU-2": 0.022071205226989885,
    "BLEU-3": 0.009230325544756272,
    "BLEU-4": 0.003268768859241464,
    "METEOR": 0.07679731506006127,
    "ROUGE-1-F1": 0.133057361799055,
    "ROUGE-2-F1": 0.014223134721795566,
    "ROUGE-L-F1": 0.12235042470322902,
    "BERTScore_P": 0.12756307362320107,
    "BERTScore_R": -0.0728972837742832,
    "BERTScore_F1": 0.025364798597163625
}