{
    "BLEU-1": 0.032677045659277384,
    "BLEU-2": 0.009945829640481884,
    "BLEU-3": 0.0037022255389579446,
    "BLEU-4": 0.0021024449683450714,
    "METEOR": 0.11055790798508268,
    "ROUGE-1-F1": 0.10295213601725733,
    "ROUGE-2-F1": 0.00046284653827160377,
    "ROUGE-L-F1": 0.10067320744454246,
    "BERTScore_P": -0.2951300536700781,
    "BERTScore_R": 0.012936796852981375,
    "BERTScore_F1": -0.14462331025793718
}