{
    "BLEU-1": 0.028955408196812527,
    "BLEU-2": 0.007864911891319817,
    "BLEU-3": 0.002815778908716269,
    "BLEU-4": 0.0015387242519192782,
    "METEOR": 0.11091552725308756,
    "ROUGE-1-F1": 0.08223048873604497,
    "ROUGE-2-F1": 0.00018289939179534973,
    "ROUGE-L-F1": 0.07983943820085501,
    "BERTScore_P": -0.3901583595012409,
    "BERTScore_R": -0.054216481600145715,
    "BERTScore_F1": -0.22672465438212175
}