{
    "BLEU-1": 0.16924364924941834,
    "BLEU-2": 0.06458437692905274,
    "BLEU-3": 0.02999477608050997,
    "BLEU-4": 0.015878476711216588,
    "METEOR": 0.18386675149751125,
    "ROUGE-1-F1": 0.18576426095902296,
    "ROUGE-2-F1": 0.03347367069380979,
    "ROUGE-L-F1": 0.17030240774454034,
    "BERTScore_P": -0.230641251636876,
    "BERTScore_R": -0.08407776554425557,
    "BERTScore_F1": -0.15749579502476585
}