{
    "BLEU-1": 0.13216784639250184,
    "BLEU-2": 0.06291615675124126,
    "BLEU-3": 0.027161705084187096,
    "BLEU-4": 0.011384385803869052,
    "METEOR": 0.26067600230851207,
    "ROUGE-1-F1": 0.17467197553732744,
    "ROUGE-2-F1": 0.038916320663384546,
    "ROUGE-L-F1": 0.16393266797570755,
    "BERTScore_P": -0.06179434309541691,
    "BERTScore_R": 0.23254675125437124,
    "BERTScore_F1": 0.0818013596809968
}