{
    "BLEU-1": 0.05546581290081281,
    "BLEU-2": 0.027409011450485323,
    "BLEU-3": 0.015190569062127094,
    "BLEU-4": 0.005927936568453332,
    "METEOR": 0.1892238411743391,
    "ROUGE-1-F1": 0.11901836335884973,
    "ROUGE-2-F1": 0.02604563152682396,
    "ROUGE-L-F1": 0.11753688187736826,
    "BERTScore_P": -0.3560690184434255,
    "BERTScore_R": 0.17411498228708902,
    "BERTScore_F1": -0.10435994962851207
}