{
    "BLEU-1": 0.12740794182712856,
    "BLEU-2": 0.05826226339117368,
    "BLEU-3": 0.025692752533925133,
    "BLEU-4": 0.011338604030800663,
    "METEOR": 0.27508179353569473,
    "ROUGE-1-F1": 0.16690828382789033,
    "ROUGE-2-F1": 0.03920093218628508,
    "ROUGE-L-F1": 0.15501452194577597,
    "BERTScore_P": -0.1613586957876881,
    "BERTScore_R": 0.23938946372696332,
    "BERTScore_F1": 0.03159524844072405
}