{
    "BLEU-1": 0.24912639533442393,
    "BLEU-2": 0.11834459587956776,
    "BLEU-3": 0.04827654828914376,
    "BLEU-4": 0.027791423525698175,
    "METEOR": 0.22271800250187754,
    "ROUGE-1-F1": 0.2839455422111323,
    "ROUGE-2-F1": 0.07214947693095143,
    "ROUGE-L-F1": 0.27137101646587486,
    "BERTScore_P": 0.23416610341519117,
    "BERTScore_R": 0.1656979906062285,
    "BERTScore_F1": 0.19989214620242515
}