{
    "BLEU-1": 0.019702557865438206,
    "BLEU-2": 0.005289290479595672,
    "BLEU-3": 0.002842726444925094,
    "BLEU-4": 0.0020069006747473936,
    "METEOR": 0.0432245889335516,
    "ROUGE-1-F1": 0.03517640550072402,
    "ROUGE-2-F1": 0.0021576346496792733,
    "ROUGE-L-F1": 0.03266958663809454,
    "BERTScore_P": -0.035563449579768064,
    "BERTScore_R": 0.046917507970115034,
    "BERTScore_F1": 0.005044307128140112
}