{
    "BLEU-1": 0.3846486924248383,
    "BLEU-2": 0.2928483033912591,
    "BLEU-3": 0.2521709591491142,
    "BLEU-4": 0.22950126826792322,
    "METEOR": 0.39451075792773915,
    "ROUGE-1-F1": 0.42700200854621057,
    "ROUGE-2-F1": 0.27412652785012404,
    "ROUGE-L-F1": 0.4178785857889023,
    "BERTScore_P": 0.41432444587172496,
    "BERTScore_R": 0.3877354766064811,
    "BERTScore_F1": 0.40072744002654437
}