{
    "BLEU-1": 0.4592461857503933,
    "BLEU-2": 0.3659487740134272,
    "BLEU-3": 0.29906006661876,
    "BLEU-4": 0.2480120035220444,
    "METEOR": 0.4103618574093583,
    "ROUGE-1-F1": 0.6863712825039175,
    "ROUGE-2-F1": 0.4116035438718702,
    "ROUGE-L-F1": 0.6810419365948615,
    "BERTScore_P": 0.550428804927978,
    "BERTScore_R": 0.47253637901250867,
    "BERTScore_F1": 0.5117548341336458
}