{
    "BLEU-1": 0.2737101153960006,
    "BLEU-2": 0.12374929682147824,
    "BLEU-3": 0.05537274029425934,
    "BLEU-4": 0.023032119773278615,
    "METEOR": 0.21808971662331608,
    "ROUGE-1-F1": 0.2675448780209793,
    "ROUGE-2-F1": 0.05863029559374002,
    "ROUGE-L-F1": 0.2675448780209793,
    "BERTScore_P": 0.22599763299028078,
    "BERTScore_R": 0.1680392362177372,
    "BERTScore_F1": 0.19752266506354013
}