{
    "BLEU-1": 0.2635528594314006,
    "BLEU-2": 0.12498981308304458,
    "BLEU-3": 0.059781504916076735,
    "BLEU-4": 0.026453679666087953,
    "METEOR": 0.24691351014922922,
    "ROUGE-1-F1": 0.23497823466955814,
    "ROUGE-2-F1": 0.0585358295892128,
    "ROUGE-L-F1": 0.2232050218652953,
    "BERTScore_P": 0.22737411633023016,
    "BERTScore_R": 0.2538663834510815,
    "BERTScore_F1": 0.24066458278823466
}