{
    "BLEU-1": 0.43645720359428486,
    "BLEU-2": 0.33825134037603205,
    "BLEU-3": 0.27463632281556194,
    "BLEU-4": 0.21323957163013343,
    "METEOR": 0.34526481061443864,
    "ROUGE-1-F1": 0.6513553605122906,
    "ROUGE-2-F1": 0.34380970762014956,
    "ROUGE-L-F1": 0.6487138380951721,
    "BERTScore_P": 0.5656164793864541,
    "BERTScore_R": 0.4863060162119243,
    "BERTScore_F1": 0.526253300084584
}