{
    "BLEU-1": 0.06271666070381005,
    "BLEU-2": 0.018549706566779633,
    "BLEU-3": 0.011385721756762586,
    "BLEU-4": 0.007490752321871539,
    "METEOR": 0.06906374963999236,
    "ROUGE-1-F1": 0.10840456504618771,
    "ROUGE-2-F1": 0.015573332941737739,
    "ROUGE-L-F1": 0.10426306937926831,
    "BERTScore_P": 0.13574925810098648,
    "BERTScore_R": -0.08881778735667467,
    "BERTScore_F1": 0.021396042986048594
}