{
    "BLEU-1": 0.2662363521774663,
    "BLEU-2": 0.12781502512614132,
    "BLEU-3": 0.058272345581353954,
    "BLEU-4": 0.02955638129665137,
    "METEOR": 0.24830813534092003,
    "ROUGE-1-F1": 0.24682347301662969,
    "ROUGE-2-F1": 0.0612698910677337,
    "ROUGE-L-F1": 0.23141151675034158,
    "BERTScore_P": 0.21728503493414747,
    "BERTScore_R": 0.24870079511865265,
    "BERTScore_F1": 0.23304186814597674
}