{
    "BLEU-1": 0.49330577759691524,
    "BLEU-2": 0.3954130766004318,
    "BLEU-3": 0.32745929049563216,
    "BLEU-4": 0.2594926419049248,
    "METEOR": 0.3983056563321734,
    "ROUGE-1-F1": 0.6817301894831854,
    "ROUGE-2-F1": 0.40155729944286056,
    "ROUGE-L-F1": 0.6799734920743141,
    "BERTScore_P": 0.5693714877833491,
    "BERTScore_R": 0.51922321902669,
    "BERTScore_F1": 0.5447756522807522
}