{
    "BLEU-1": 0.309038188785929,
    "BLEU-2": 0.13198364994526054,
    "BLEU-3": 0.05170764369482314,
    "BLEU-4": 0.021682419591527943,
    "METEOR": 0.21418094167293222,
    "ROUGE-1-F1": 0.27809466964637786,
    "ROUGE-2-F1": 0.062485837758130415,
    "ROUGE-L-F1": 0.27387526036367743,
    "BERTScore_P": 0.19003007436792055,
    "BERTScore_R": 0.16763109837969145,
    "BERTScore_F1": 0.17961805872619152
}