{
    "BLEU-1": 0.03917163566649152,
    "BLEU-2": 0.01743571178578684,
    "BLEU-3": 0.008740733064236998,
    "BLEU-4": 0.004675507388572755,
    "METEOR": 0.06618948642193258,
    "ROUGE-1-F1": 0.11640698400463623,
    "ROUGE-2-F1": 0.015985417278104222,
    "ROUGE-L-F1": 0.1124244538395611,
    "BERTScore_P": 0.11807686103404397,
    "BERTScore_R": -0.09026271394557422,
    "BERTScore_F1": 0.012460063677281141
}