{
    "BLEU-1": 0.23346392728089976,
    "BLEU-2": 0.11015565917429856,
    "BLEU-3": 0.049099356404290716,
    "BLEU-4": 0.02203349264389177,
    "METEOR": 0.2141789489026792,
    "ROUGE-1-F1": 0.22865452112156492,
    "ROUGE-2-F1": 0.0563365963129755,
    "ROUGE-L-F1": 0.21600950021305193,
    "BERTScore_P": 0.2081637085481946,
    "BERTScore_R": 0.2274042891693257,
    "BERTScore_F1": 0.21774242108776456
}