{
    "BLEU-1": 0.05259319110176861,
    "BLEU-2": 0.016008053155295677,
    "BLEU-3": 0.0057748027570807825,
    "BLEU-4": 0.003247276223638229,
    "METEOR": 0.1408555854054426,
    "ROUGE-1-F1": 0.1127004730399152,
    "ROUGE-2-F1": 0.0011610585775355623,
    "ROUGE-L-F1": 0.11060127990607924,
    "BERTScore_P": -0.1134721536891184,
    "BERTScore_R": 0.06825543725458176,
    "BERTScore_F1": -0.022998214466075508
}