{
    "BLEU-1": 0.08593057107904915,
    "BLEU-2": 0.04526958948606557,
    "BLEU-3": 0.023433887768360247,
    "BLEU-4": 0.009040454344359862,
    "METEOR": 0.23801583217617395,
    "ROUGE-1-F1": 0.16349899420841937,
    "ROUGE-2-F1": 0.03661459642884444,
    "ROUGE-L-F1": 0.15966757658389832,
    "BERTScore_P": -0.25531381741166115,
    "BERTScore_R": 0.18128373256574074,
    "BERTScore_F1": -0.045967151721318565
}