{
    "BLEU-1": 0.531983660499653,
    "BLEU-2": 0.4587366606958858,
    "BLEU-3": 0.4030079622875743,
    "BLEU-4": 0.3497173507945717,
    "METEOR": 0.4697557006833411,
    "ROUGE-1-F1": 0.7672374013342093,
    "ROUGE-2-F1": 0.5701199729936219,
    "ROUGE-L-F1": 0.7672374013342093,
    "BERTScore_P": 0.5888645134974217,
    "BERTScore_R": 0.5310133583303811,
    "BERTScore_F1": 0.5603071734093238
}