{
    "BLEU-1": 0.30913269345421907,
    "BLEU-2": 0.13877551522639991,
    "BLEU-3": 0.06578103025215783,
    "BLEU-4": 0.03126769235337613,
    "METEOR": 0.2511696794850333,
    "ROUGE-1-F1": 0.28300431188471675,
    "ROUGE-2-F1": 0.07149539444166424,
    "ROUGE-L-F1": 0.2680470469274518,
    "BERTScore_P": 0.21904521621763706,
    "BERTScore_R": 0.21937607477108637,
    "BERTScore_F1": 0.21931022529800734
}