{
    "BLEU-1": 0.03639836389634766,
    "BLEU-2": 0.014870919347962704,
    "BLEU-3": 0.006013064171636595,
    "BLEU-4": 0.002134389025037169,
    "METEOR": 0.05506597630813053,
    "ROUGE-1-F1": 0.09609529752301617,
    "ROUGE-2-F1": 0.009466142119459672,
    "ROUGE-L-F1": 0.0857611598501692,
    "BERTScore_P": 0.13249602556849518,
    "BERTScore_R": -0.09541494482093388,
    "BERTScore_F1": 0.016383341203133266
}