{
    "BLEU-1": 0.2600278043927829,
    "BLEU-2": 0.11669794829539937,
    "BLEU-3": 0.05161474707268496,
    "BLEU-4": 0.024307271513575007,
    "METEOR": 0.22478408646189946,
    "ROUGE-1-F1": 0.23809943295070063,
    "ROUGE-2-F1": 0.04762634651515686,
    "ROUGE-L-F1": 0.21978107944959405,
    "BERTScore_P": 0.21661495031522854,
    "BERTScore_R": 0.22981444971325496,
    "BERTScore_F1": 0.22315100394189358
}