{
    "BLEU-1": 0.528450351309173,
    "BLEU-2": 0.44936097717186807,
    "BLEU-3": 0.38872348914543864,
    "BLEU-4": 0.3293130084717066,
    "METEOR": 0.4566487384547946,
    "ROUGE-1-F1": 0.7643985628647342,
    "ROUGE-2-F1": 0.5354849467103131,
    "ROUGE-L-F1": 0.7643985628647342,
    "BERTScore_P": 0.5733932686456735,
    "BERTScore_R": 0.5219596265882686,
    "BERTScore_F1": 0.5481089746606522
}