{
    "BLEU-1": 0.2601852485686242,
    "BLEU-2": 0.1191955564698713,
    "BLEU-3": 0.05282556311289671,
    "BLEU-4": 0.0223427165975523,
    "METEOR": 0.20120514249354035,
    "ROUGE-1-F1": 0.25011831872020024,
    "ROUGE-2-F1": 0.06260962116005767,
    "ROUGE-L-F1": 0.24271091131279285,
    "BERTScore_P": 0.2483020955696702,
    "BERTScore_R": 0.16128103931744894,
    "BERTScore_F1": 0.2045330454905828
}