{
    "BLEU-1": 0.044193189600491005,
    "BLEU-2": 0.021330592768768305,
    "BLEU-3": 0.008894631706129636,
    "BLEU-4": 0.0037473626303640476,
    "METEOR": 0.15947966963963991,
    "ROUGE-1-F1": 0.09791895066280791,
    "ROUGE-2-F1": 0.02014860960008621,
    "ROUGE-L-F1": 0.09513553668850898,
    "BERTScore_P": -0.3567117204268773,
    "BERTScore_R": 0.14074721870323023,
    "BERTScore_F1": -0.11930623402198155
}