{
    "BLEU-1": 0.058558338236959356,
    "BLEU-2": 0.02220822976831611,
    "BLEU-3": 0.007749895312561801,
    "BLEU-4": 0.0028486446768884646,
    "METEOR": 0.06373313311561388,
    "ROUGE-1-F1": 0.11337500585454952,
    "ROUGE-2-F1": 0.011530120850333487,
    "ROUGE-L-F1": 0.10761555979235983,
    "BERTScore_P": 0.1315014407866531,
    "BERTScore_R": -0.0946821104735136,
    "BERTScore_F1": 0.016334014841251902
}