{
    "BLEU-1": 0.508491382912624,
    "BLEU-2": 0.41599424372195004,
    "BLEU-3": 0.3511070096792941,
    "BLEU-4": 0.29648880439026015,
    "METEOR": 0.44928987942585474,
    "ROUGE-1-F1": 0.7357868826874432,
    "ROUGE-2-F1": 0.48755438565751447,
    "ROUGE-L-F1": 0.7329757882346696,
    "BERTScore_P": 0.5907608331113622,
    "BERTScore_R": 0.5268712011368378,
    "BERTScore_F1": 0.5590708964112876
}