{
    "BLEU-1": 0.294028193035506,
    "BLEU-2": 0.12794567735887877,
    "BLEU-3": 0.05274016602608658,
    "BLEU-4": 0.02174298208898158,
    "METEOR": 0.21078365443839933,
    "ROUGE-1-F1": 0.265669582911689,
    "ROUGE-2-F1": 0.06220238011578886,
    "ROUGE-L-F1": 0.25385699605443274,
    "BERTScore_P": 0.2691687469681104,
    "BERTScore_R": 0.1767128532131513,
    "BERTScore_F1": 0.22347682962814966
}