{
    "BLEU-1": 0.04464649873446277,
    "BLEU-2": 0.015818573459381837,
    "BLEU-3": 0.007043577115365671,
    "BLEU-4": 0.0026179167692334275,
    "METEOR": 0.06692012738784671,
    "ROUGE-1-F1": 0.1306135403233864,
    "ROUGE-2-F1": 0.012027245944173417,
    "ROUGE-L-F1": 0.11875740046496566,
    "BERTScore_P": 0.10728747770190239,
    "BERTScore_R": -0.0697419090817372,
    "BERTScore_F1": 0.017802540937231645
}