{
    "BLEU-1": 0.23434887930591294,
    "BLEU-2": 0.10650164496385175,
    "BLEU-3": 0.050706635387483025,
    "BLEU-4": 0.02413492449292724,
    "METEOR": 0.23108602921214438,
    "ROUGE-1-F1": 0.22866035916195993,
    "ROUGE-2-F1": 0.04738214365084356,
    "ROUGE-L-F1": 0.21302109310081468,
    "BERTScore_P": 0.20772285404659452,
    "BERTScore_R": 0.22308459217172294,
    "BERTScore_F1": 0.2152843548517142
}