{
    "BLEU-1": 0.06599387566432528,
    "BLEU-2": 0.01951430307622729,
    "BLEU-3": 0.004586097342229288,
    "BLEU-4": 0.002144659042399016,
    "METEOR": 0.07539341455287624,
    "ROUGE-1-F1": 0.12324130830425162,
    "ROUGE-2-F1": 0.013766420423222554,
    "ROUGE-L-F1": 0.10704497445135554,
    "BERTScore_P": 0.13777309366398388,
    "BERTScore_R": -0.08745764164874952,
    "BERTScore_F1": 0.0225327933828036
}