{
    "BLEU-1": 0.2768528839529819,
    "BLEU-2": 0.11980045679331915,
    "BLEU-3": 0.051403884818689814,
    "BLEU-4": 0.023038840392140075,
    "METEOR": 0.24195224853664424,
    "ROUGE-1-F1": 0.23596783864218457,
    "ROUGE-2-F1": 0.04857393564524601,
    "ROUGE-L-F1": 0.2258746153921624,
    "BERTScore_P": 0.21683013929785894,
    "BERTScore_R": 0.24750341377442792,
    "BERTScore_F1": 0.23261852163289273
}