{
    "BLEU-1": 0.12619127566438088,
    "BLEU-2": 0.05607723349875069,
    "BLEU-3": 0.025092268532311286,
    "BLEU-4": 0.011990525805873625,
    "METEOR": 0.26549704449049577,
    "ROUGE-1-F1": 0.16658058613879048,
    "ROUGE-2-F1": 0.04027090405013933,
    "ROUGE-L-F1": 0.1574650742425534,
    "BERTScore_P": -0.19966498945307518,
    "BERTScore_R": 0.22936419260111593,
    "BERTScore_F1": 0.0065416274703152125
}