{
    "BLEU-1": 0.10801211954444698,
    "BLEU-2": 0.035910633157557256,
    "BLEU-3": 0.012337469673508041,
    "BLEU-4": 0.00522085975975384,
    "METEOR": 0.18144283575792242,
    "ROUGE-1-F1": 0.13975865733855997,
    "ROUGE-2-F1": 0.017161804970775567,
    "ROUGE-L-F1": 0.13215732061095928,
    "BERTScore_P": -0.40443043659130734,
    "BERTScore_R": -0.06630052175993721,
    "BERTScore_F1": -0.2404766940097842
}