{
    "BLEU-1": 0.24274188120821788,
    "BLEU-2": 0.10746403433255351,
    "BLEU-3": 0.04605081119048405,
    "BLEU-4": 0.02162942099596291,
    "METEOR": 0.23272282320584528,
    "ROUGE-1-F1": 0.23801832854531965,
    "ROUGE-2-F1": 0.052057905659592674,
    "ROUGE-L-F1": 0.22143395718153366,
    "BERTScore_P": 0.19399526793997557,
    "BERTScore_R": 0.2345465666481427,
    "BERTScore_F1": 0.2141009441887339
}